products_demo.url,products_demo.title
http://www.acme.com/SH55126545/VD55149415,마녀
http://www.acme.com/SH55126545/VD55163347,탐정리턴즈
http://www.acme.com/SH55126545/VD55165149,쥬라기월드
http://www.acme.com/SH55126545/VD55166807,오션스8
http://www.acme.com/SH55126545/VD55170364,독전
http://www.acme.com/SH55126545/VD55173061,데드풀2
http://www.acme.com/SH55126545/VD55177927,아수라
http://www.acme.com/SH55126545/VD55179433,아이필프리티
http://www.acme.com/SH55126554/VD55147564,신과함께-죄와벌
http://www.acme.com/SH5568487/VD55169229,속닥속닥
http://www.acme.com/SH5580165/VD55156528,챔피언
http://www.acme.com/SH5580165/VD55173281,램페이지
http://www.acme.com/SH5582037/VD5582082,허스토리
http://www.acme.com/SH5584743/VD55162989,블랙팬서
http://www.acme.com/SH5584743/VD55178549,인크레더블
http://www.acme.com/SH5585921/VD55178554,툼레이더
http://www.acme.com/SH5585921/VD55179070,개들의섬
http://www.acme.com/SH5587637/VD55129406,탐정더비기닝
http://www.acme.com/SH5587637/VD55134536,곤지암
http://www.acme.com/SH5587637/VD55137665,닥터스트레인지
http://www.acme.com/SH5587637/VD55167939,트루스or데어
http://www.acme.com/SH5587637/VD55178312,토르라그나로크
http://www.acme.com/SH5587637/VD55178699,스파이더맨홈커밍
http://www.acme.com/SH559026/VD5568891,월요일이사라졌다
http://www.acme.com/SH559026/VD5582785,범죄도시
http://www.acme.com/SH559040/VD55175948,청년경찰
http://www.acme.com/SH559044/VD5586386,리틀포레스트
http://www.acme.com/SH559056/VD55178907,보스베이비
http://www.acme.com/SH559056/VD55179132,1987
http://www.acme.com/SH559056/VD55181666,쥬만지
